Central Pollution Control Board,,,,
LIST OF AQI STATIONS          Date - Time:14-04-2026 12:00:00,,,,
,,,,
S.No.,State,City,Station Name,Current AQI value
1,Andaman and Nicobar,Sri Vijaya Puram,"Police Line, Sri Vijaya Puram - ANPCC",Insufficient data available in last 24 hours.
2,Andhra Pradesh,Amaravati,"Secretariat, Amaravati - APPCB",53.00
3,,Anantapur,"Gulzarpet, Anantapur - APPCB",66.00
4,,Chittoor,"Gangineni Cheruvu, Chittoor - APPCB",56.00
5,,Eluru,"District Court, Eluru - APPCB",51.00
6,,Guntur,"Rajendra Nagar North, Guntur - APPCB",92.00
7,,Kadapa,"Yerramukkapalli, Kadapa - APPCB",80.00
8,,Machilipatnam,"Srinivas Nagar Colony, Machilipatnam - APPCB",77.00
9,,Nellore,"Ambedkar Nagar, Nellore - APPCB ",92.00
10,,Rajamahendravaram,"Anand Kala Kshetram, Rajamahendravaram - APPCB",40.00
11,,Tirumala,"Toll Gate, Tirumala - APPCB",75.00
12,,Tirupati,"Vaikuntapuram, Tirupati - APPCB",59.00
13,,Vijayawada,"HB Colony, Vijayawada - APPCB",109.00
14,,,"Kanuru, Vijayawada - APPCB",63.00
15,,,"Rajiv Gandhi Park, Vijayawada - APPCB",58.00
16,,,"Rajiv Nagar, Vijayawada - APPCB",64.00
17,,Visakhapatnam,"GVM Corporation, Visakhapatnam - APPCB",98.00
18,Arunachal Pradesh,Naharlagun,"Naharlagun, Naharlagun - APSPCB",52.00
19,Assam,Byrnihat,"Central Academy for SFS, Byrnihat - PCBA",122.00
20,,Guwahati,"IITG, Guwahati - PCBA",Insufficient data available in last 24 hours.
21,,,"LGBI Airport, Guwahati - PCBA",Insufficient data available in last 24 hours.
22,,,"Pan Bazaar, Guwahati - PCBA",Insufficient data available in last 24 hours.
23,,,"Railway Colony, Guwahati - PCBA",48.00
24,,Nagaon,"Christianpatty, Nagaon - PCBA",44.00
25,,Nalbari,"Bata Chowk, Nalbari - PCBA",45.00
26,,Silchar,"Tarapur, Silchar - PCBA",54.00
27,,Sivasagar,"Girls College, Sivasagar - PCBA",36.00
28,Bihar,Araria,"Kharahiya Basti, Araria - BSPCB",141.00
29,,Arrah,"New DM Office, Arrah - BSPCB",65.00
30,,Aurangabad,"Gurdeo Nagar, Aurangabad - BSPCB",108.00
31,,Begusarai,"Lohiyanagar, Begusarai - BSPCB",98.00
32,,Bettiah,"Kamalnath Nagar, Bettiah - BSPCB",42.00
33,,Bhagalpur,"DM Office_Kachari Chowk, Bhagalpur - BSPCB",87.00
34,,,"Mayaganj, Bhagalpur - BSPCB",129.00
35,,Bihar Sharif,"D M Colony, Bihar Sharif - BSPCB",56.00
36,,Buxar,"Charitra Van, Buxar - BSPCB",55.00
37,,Chhapra,"Darshan Nagar, Chhapra - BSPCB",83.00
38,,Darbhanga,"Town Hall - Lal Bagh, Darbhanga - BSPCB",Insufficient data available in last 24 hours.
39,,Gaya,"Collectorate, Gaya - BSPCB",179.00
40,,,"Kareemganj, Gaya - BSPCB",179.00
41,,,"SFTI Kusdihra, Gaya - BSPCB",62.00
42,,Hajipur,"Industrial Area, Hajipur - BSPCB",Insufficient data available in last 24 hours.
43,,Katihar,"Mirchaibari, Katihar - BSPCB",92.00
44,,Kishanganj,"SDM Office_Khagra, Kishanganj - BSPCB",52.00
45,,Manguraha,"Forest Rest House, Manguraha - BSPCB",228.00
46,,Motihari,"Gandak Colony, Motihari - BSPCB",127.00
47,,Munger,"Town Hall, Munger - BSPCB",53.00
48,,Muzaffarpur,"Buddha Colony, Muzaffarpur - BSPCB",272.00
49,,,"MIT-Daudpur Kothi, Muzaffarpur - BSPCB",63.00
50,,,"Muzaffarpur Collectorate, Muzaffarpur - BSPCB",84.00
51,,Patna,"DRM Office Danapur, Patna - BSPCB",139.00
52,,,"Govt. High School Shikarpur, Patna - BSPCB",164.00
53,,,"IGSC Planetarium Complex, Patna - BSPCB",66.00
54,,,"Muradpur, Patna - BSPCB",204.00
55,,,"Rajbansi Nagar, Patna - BSPCB",103.00
56,,,"Samanpura, Patna - BSPCB",132.00
57,,Purnia,"Mariam Nagar, Purnia - BSPCB",76.00
58,,Rajgir,"Dangi Tola, Rajgir - BSPCB",52.00
59,,Saharsa,"Police Line, Saharsa - BSPCB",106.00
60,,Samastipur,"DM Office_Kasipur, Samastipur - BSPCB",164.00
61,,Sasaram,"Dada Peer, Sasaram - BSPCB",92.00
62,,Siwan,"Chitragupta Nagar, Siwan - BSPCB",Insufficient data available in last 24 hours.
63,Chandigarh,Chandigarh,"Sector 22, Chandigarh - CPCC",74.00
64,,,"Sector-25, Chandigarh - CPCC",Insufficient data available in last 24 hours.
65,,,"Sector-53, Chandigarh - CPCC",44.00
66,Chhattisgarh,Bhilai,"32Bungalows, Bhilai - CECB",52.00
67,,,"Civic Center, Bhilai - Bhilai Steel Plant",68.00
68,,,"Hathkhoj, Bhilai - CECB",70.00
69,,Bilaspur,"Mangala, Bilaspur - NTPC",83.00
70,,Chhal,"Nawapara SECL Colony, Chhal - CECB",Insufficient data available in last 24 hours.
71,,Korba,"Rampur, Korba - CECB",71.00
72,,,"Urja Nagar, Korba - CECB",42.00
73,,Kunjemura,"OP Jindal School, Kunjemura - CECB",111.00
74,,Milupara,"Govt. Higher Secondary School, Milupara - CECB",112.00
75,,Raipur,"AIIMS, Raipur - CECB",101.00
76,,,"Bhatagaon New ISBT, Raipur - CECB",110.00
77,,,"Krishak Nagar, Raipur - CECB",95.00
78,,,"Siltara Phase-II, Raipur - CECB",128.00
79,,Tumidih,"OP Jindal Industrial Park, Tumidih - CECB",68.00
80,Delhi,Delhi,"Alipur, Delhi - DPCC",215.00
81,,,"Anand Vihar, Delhi - DPCC",221.00
82,,,"Ashok Vihar, Delhi - DPCC",217.00
83,,,"Aya Nagar, Delhi - IMD",114.00
84,,,"Bawana, Delhi - DPCC",191.00
85,,,"Burari Crossing, Delhi - IMD",202.00
86,,,"CRRI Mathura Road, Delhi - IMD",154.00
87,,,"Cantonment Area, Delhi - DPCC ",125.00
88,,,"Chandni Chowk, Delhi - IITM",139.00
89,,,"Commonwealth Sports Complex, Delhi - DPCC",303.00
90,,,"DTU, Delhi - CPCB",146.00
91,,,"Dr. Karni Singh Shooting Range, Delhi - DPCC",142.00
92,,,"Dwarka-Sector 8, Delhi - DPCC ",197.00
93,,,"IGI Airport (T3), Delhi - IMD",140.00
94,,,"IGNOU_Maidan Garhi, Delhi - DPCC",150.00
95,,,"IHBAS, Dilshad Garden, Delhi - CPCB",191.00
96,,,"IIT Delhi, Delhi - IITM",141.00
97,,,"ITO, Delhi - CPCB",127.00
98,,,"JNU, Delhi - DPCC",111.00
99,,,"Jahangirpuri, Delhi - DPCC",212.00
100,,,"Jawaharlal Nehru Stadium, Delhi - DPCC",147.00
101,,,"Lodhi Road, Delhi - IITM",Insufficient data available in last 24 hours.
102,,,"Lodhi Road, Delhi - IMD",167.00
103,,,"Major Dhyan Chand National Stadium, Delhi - DPCC",114.00
104,,,"Mandir Marg, Delhi - DPCC",139.00
105,,,"Mundka, Delhi - DPCC",199.00
106,,,"NSIT Dwarka, Delhi - CPCB",177.00
107,,,"NSUT Jaffarpur, Delhi - DPCC",183.00
108,,,"Najafgarh, Delhi - DPCC",168.00
109,,,"Narela, Delhi - DPCC",182.00
110,,,"Nehru Nagar, Delhi - DPCC",158.00
111,,,"New Moti Bagh, Delhi - MHUA",71.00
112,,,"North Campus, DU, Delhi - IMD",183.00
113,,,"Okhla Phase-2, Delhi - DPCC",138.00
114,,,"Patparganj, Delhi - DPCC",152.00
115,,,"Punjabi Bagh, Delhi - DPCC",158.00
116,,,"Pusa, Delhi - DPCC",182.00
117,,,"Pusa, Delhi - IMD",244.00
118,,,"R K Puram, Delhi - DPCC",145.00
119,,,"Rohini, Delhi - DPCC",208.00
120,,,"Shadipur, Delhi - CPCB",216.00
121,,,"Sirifort, Delhi - CPCB",139.00
122,,,"Sonia Vihar, Delhi - DPCC",203.00
123,,,"Sri Aurobindo Marg, Delhi - DPCC",104.00
124,,,"Talkatora Garden, Delhi - DPCC",120.00
125,,,"Vivek Vihar, Delhi - DPCC",145.00
126,,,"Wazirpur, Delhi - DPCC",249.00
127,Gujarat,Ahmedabad,"Chandkheda, Ahmedabad - IITM",124.00
128,,,"Gyaspur, Ahmedabad - IITM",107.00
129,,,"Maninagar, Ahmedabad - GPCB",102.00
130,,,"Raikhad, Ahmedabad - IITM",123.00
131,,,"Rakhial, Ahmedabad - IITM",143.00
132,,,"SAC ISRO Bopal, Ahmedabad - IITM",97.00
133,,,"SAC ISRO Satellite, Ahmedabad - IITM",111.00
134,,,"SVPI Airport Hansol, Ahmedabad - IITM",115.00
135,,,"Sardar Vallabhbhai Patel Stadium, Ahmedabad - IITM",Insufficient data available in last 24 hours.
136,,Ankleshwar,"GIDC, Ankleshwar - GPCB",111.00
137,,Bhavnagar,"Vidhyanagar, Bhavnagar - Nexteng Enviro",113.00
138,,Gandhinagar,"GIFT City, Gandhinagar - IITM",191.00
139,,,"IIPHG Lekawada, Gandhinagar - IITM",117.00
140,,,"Sector-10, Gandhinagar - GPCB",117.00
141,,Mehsana,"Sadanand Nagar, Mehsana - Nexteng Enviro",119.00
142,,Nandesari,"GIDC, Nandesari - Nandesari Ind. Association",143.00
143,,Rajkot,"Mavdi, Rajkot - Nexteng Enviro ",90.00
144,,Surat,"Katargam, Surat - Nexteng Enviro",88.00
145,,,"Science Center, Surat - SMC",99.00
146,,Vadodara,"Bapunagar, Vadodara - Nexteng Enviro",100.00
147,,Vapi,"Phase-1 GIDC, Vapi - GPCB",79.00
148,,Vatva,"Phase-4 GIDC, Vatva - GPCB",140.00
149,Haryana,Ambala,"Patti Mehar, Ambala - HSPCB",72.00
150,,Bahadurgarh,"Arya Nagar, Bahadurgarh - HSPCB",87.00
151,,Ballabgarh,"Nathu Colony, Ballabgarh - HSPCB",256.00
152,,Bhiwani,"H.B. Colony, Bhiwani - HSPCB",30.00
153,,Charkhi Dadri,"Mini Secretariat, Charkhi Dadri - HSPCB",226.00
154,,Dharuhera,"Municipal Corporation Office, Dharuhera -  HSPCB",138.00
155,,Faridabad,"New Industrial Town, Faridabad - HSPCB",108.00
156,,,"Sector 11, Faridabad - HSPCB",251.00
157,,,"Sector 30, Faridabad - HSPCB",113.00
158,,,"Sector- 16A, Faridabad - HSPCB",Insufficient data available in last 24 hours.
159,,Fatehabad,"Huda Sector, Fatehabad - HSPCB",80.00
160,,Gurugram,"NISE Gwal Pahari, Gurugram - IMD",148.00
161,,,"Sector-51, Gurugram - HSPCB",252.00
162,,,"Teri Gram, Gurugram - HSPCB",207.00
163,,,"Vikas Sadan, Gurugram - HSPCB",285.00
164,,Hisar,"Urban Estate-II, Hisar - HSPCB",Insufficient data available in last 24 hours.
165,,Jind,"Police Lines, Jind - HSPCB",110.00
166,,Kaithal,"Rishi Nagar, Kaithal - HSPCB",71.00
167,,Karnal,"Sector-12, Karnal - HSPCB",86.00
168,,Kurukshetra ,"Sector-7, Kurukshetra - HSPCB",138.00
169,,Mandikhera,"General Hospital, Mandikhera(Nuh) - HSPCB",62.00
170,,Manesar,"Sector-2 IMT, Manesar - HSPCB",174.00
171,,Narnaul,"Shastri Nagar, Narnaul - HSPCB",161.00
172,,Palwal ,"Shyam Nagar, Palwal - HSPCB",70.00
173,,Panchgaon,"Amity University, Panchgaon - IITM",91.00
174,,Panchkula,"Sector-6, Panchkula - HSPCB ",57.00
175,,Panipat,"Sector-18, Panipat - HSPCB",153.00
176,,Rohtak,"MD University, Rohtak - HSPCB",39.00
177,,Sirsa,"F-Block, Sirsa - HSPCB",78.00
178,,Sonipat,"Murthal, Sonipat - HSPCB",157.00
179,,Yamuna Nagar,"Gobind Pura, Yamuna Nagar - HSPCB",199.00
180,Himachal Pradesh,Baddi,"HIMUDA Complex Phase-1, Baddi - HPPCB",149.00
181,Jammu and Kashmir,Pampore,"Khrew, Pampore - JKPCC",46.00
182,,Srinagar,"Khunmoh, Srinagar - JKPCC",Insufficient data available in last 24 hours.
183,,,"Rajbagh, Srinagar - JKPCC",42.00
184,Jharkhand,Dhanbad,"Kalakusuma, Dhanbad - DMC",Insufficient data available in last 24 hours.
185,,,"Sardar Patel Nagar, Dhanbad - JSPCB",129.00
186,,Jorapokhar,"Tata Stadium, Jorapokhar - JSPCB",128.00
187,,Pathardih,"Mohalbani Ghat, Pathardih - DMC",Insufficient data available in last 24 hours.
188,Karnataka,Bagalkot,"Vidayagiri, Bagalkot - KSPCB",54.00
189,,Belgaum,"Ramteerth Nagar, Belgaum - KSPCB",Insufficient data available in last 24 hours.
190,,Bengaluru,"BTM Layout, Bengaluru - CPCB",89.00
191,,,"BWSSB Kadabesanahalli, Bengaluru - CPCB",69.00
192,,,"Bapuji Nagar, Bengaluru - KSPCB",111.00
193,,,"City Railway Station, Bengaluru - KSPCB",111.00
194,,,"Hebbal, Bengaluru - KSPCB",199.00
195,,,"Hombegowda Nagar, Bengaluru - KSPCB",100.00
196,,,"Jayanagar 5th Block, Bengaluru - KSPCB",109.00
197,,,"Jigani, Bengaluru - KSPCB",94.00
198,,,"Kasturi Nagar, Bengaluru - KSPCB",80.00
199,,,"Peenya, Bengaluru - CPCB",69.00
200,,,"RVCE-Mailasandra, Bengaluru - KSPCB",139.00
201,,,"Sanegurava Halli, Bengaluru - KSPCB",61.00
202,,,"Shivapura_Peenya, Bengaluru - KSPCB",41.00
203,,,"Silk Board, Bengaluru - KSPCB",121.00
204,,Bidar,"Naubad, Bidar - KSPCB",Insufficient data available in last 24 hours.
205,,Chamarajanagar,"Urban, Chamarajanagar - KSPCB",53.00
206,,Chikkaballapur,"Chikkaballapur Rural, Chikkaballapur - KSPCB",88.00
207,,Chikkamagaluru,"Kalyana Nagara, Chikkamagaluru - KSPCB",68.00
208,,Davanagere,"Devaraj Urs Badavane, Davanagere - KSPCB",Insufficient data available in last 24 hours.
209,,Dharwad,"Kalabhavan, Dharwad - KSPCB",88.00
210,,Gadag,"Panchal Nagar, Gadag - KSPCB",Insufficient data available in last 24 hours.
211,,Hassan,"B.Katihalli, Hassan - KSPCB",Insufficient data available in last 24 hours.
212,,Haveri,"Ashwini Nagar, Haveri - KSPCB",Insufficient data available in last 24 hours.
213,,Hubballi,"Deshpande Nagar, Hubballi - KSPCB",Insufficient data available in last 24 hours.
214,,,"Lingaraj Nagar, Hubballi - KSPCB",58.00
215,,Kalaburagi,"Lal Bahadur Shastri Nagar, Kalaburagi - KSPCB",Insufficient data available in last 24 hours.
216,,,"Mahatma Basaveswar Colony, Kalaburgi - KSPCB",59.00
217,,Karwar,"KHB Colony, Karwar - KSPCB",Insufficient data available in last 24 hours.
218,,Kolar,"Tamaka Ind. Area, Kolar - KSPCB",Insufficient data available in last 24 hours.
219,,Koppal,"Diwator Nagar, Koppal - KSPCB",Insufficient data available in last 24 hours.
220,,Madikeri,"Stuart Hill, Madikeri - KSPCB",49.00
221,,Mangalore,"Kadri, Mangalore - KSPCB",104.00
222,,Mysuru,"Hebbal 1st Stage, Mysuru - KSPCB",82.00
223,,Raichur,"Haji Colony, Raichur - KSPCB",Insufficient data available in last 24 hours.
224,,Ramanagara,"Vijay Nagar, Ramanagara - KSPCB",87.00
225,,Shivamogga,"Vinoba Nagara, Shivamogga - KSPCB",57.00
226,,Tumakuru,"Thimmalapura, Tumakuru - KSPCB",Insufficient data available in last 24 hours.
227,,Udupi,"Brahmagiri, Udupi - KSPCB",Insufficient data available in last 24 hours.
228,,Vijayapura,"Ibrahimpur, Vijayapura - KSPCB",38.00
229,,Yadgir,"Collector Office, Yadgir - KSPCB",125.00
230,Kerala,Eloor,"Udyogamandal, Eloor - Kerala PCB",Insufficient data available in last 24 hours.
231,,Ernakulam,"Kacheripady, Ernakulam - Kerala PCB",Insufficient data available in last 24 hours.
232,,Kannur,"Thavakkara, Kannur - Kerala PCB",66.00
233,,Kochi,"Vyttila, Kochi - Kerala PCB",Insufficient data available in last 24 hours.
234,,Kollam,"Polayathode, Kollam - Kerala PCB",76.00
235,,Kozhikode,"Palayam, Kozhikode - Kerala PCB",Insufficient data available in last 24 hours.
236,,Thiruvananthapuram,"Kariavattom, Thiruvananthapuram - Kerala PCB",66.00
237,,,"Plammoodu, Thiruvananthapuram - Kerala PCB",87.00
238,,Thrissur,"Corporation Ground, Thrissur - Kerala PCB",73.00
239,Madhya Pradesh,Bhopal,"Idgah Hills, Bhopal - MPPCB",112.00
240,,,"Paryavaran Parisar, Bhopal - MPPCB",120.00
241,,,"T T Nagar, Bhopal - MPPCB",118.00
242,,Damoh,"Shrivastav Colony, Damoh - MPPCB",129.00
243,,Dewas,"Bhopal Chauraha, Dewas - MPPCB",198.00
244,,Gwalior,"City Center, Gwalior - MPPCB",109.00
245,,,"Deen Dayal Nagar, Gwalior - MPPCB",216.00
246,,,"Maharaj Bada, Gwalior - MPPCB",166.00
247,,,"Phool Bagh, Gwalior - Mondelez Ind. Food",Insufficient data available in last 24 hours.
248,,Indore,"Airport Area, Indore - IMC",185.00
249,,,"Chhoti Gwaltoli, Indore - MPPCB",191.00
250,,,"Maguda Nagar, Indore - IMC",126.00
251,,,"Regional Park, Indore - IMC",123.00
252,,,"Residency Area, Indore - IMC",131.00
253,,,"Vijay Nagar Scheme-78, Indore - Glenmark",Insufficient data available in last 24 hours.
254,,Jabalpur,"Govindh Bhavan Colony, Jabalpur - JMC",47.00
255,,,"Gupteshwar, Jabalpur - JMC",127.00
256,,,"Marhatal, Jabalpur - MPPCB",140.00
257,,,"Suhagi, Jabalpur - JMC",71.00
258,,Katni,"Gole Bazar, Katni - MPPCB",137.00
259,,Maihar,"Sahilara, Maihar - KJS Cements",Insufficient data available in last 24 hours.
260,,Mandideep,"Sector-D Industrial Area, Mandideep - MPPCB",314.00
261,,Pithampur,"Sector-2 Industrial Area, Pithampur - MPPCB",167.00
262,,Ratlam,"Shasthri Nagar, Ratlam - IPCA Lab",132.00
263,,Sagar,"Civil Lines, Sagar - MPPCB",156.00
264,,,"Deen Dayal Nagar, Sagar - MPPCB",82.00
265,,Satna,"Bandhavgar Colony, Satna - Birla Cement",70.00
266,,Singrauli,"Suryakiran Bhawan NCL, Singrauli - MPPCB",233.00
267,,Ujjain,"Mahakaleshwar Temple, Ujjain - MPPCB",Insufficient data available in last 24 hours.
268,,,"Mahashweta Nagar, Ujjain - MPPCB",Insufficient data available in last 24 hours.
269,Maharashtra,Ahmednagar,"Tarakpur, Ahmednagar - MPCB",Insufficient data available in last 24 hours.
270,,Akola,"Ramdaspeth, Akola - MPCB",102.00
271,,Ambernath,"Chinchpada, Ambernath - MPCB",57.00
272,,Amravati,"Shivneri Colony, Amravati - MPCB",102.00
273,,,"Shri Shivaji Science College, Amravati - MPCB",116.00
274,,Aurangabad,"MIDC Chilkalthana, Aurangabad - MPCB",Insufficient data available in last 24 hours.
275,,Aurangabad,"More Chowk Waluj, Aurangabad - MPCB",66.00
276,,Aurangabad,"Rachnakar Colony, Aurangabad - MPCB",96.00
277,,Badlapur,"Katrap, Badlapur - MPCB",113.00
278,,Beed,"Bir, Beed - MPCB",100.00
279,,Belapur,"CBD Belapur, Belapur - MPCB",115.00
280,,Bhiwandi,"Gokul Nagar, Bhiwandi - MPCB",114.00
281,,Boisar,"Khaira, Boisar - MPCB",74.00
282,,Chandrapur,"Chauhan Colony, Chandrapur - MPCB",137.00
283,,,"MIDC Khutala, Chandrapur - MPCB",183.00
284,,Dhule,"Deopur, Dhule - MPCB",102.00
285,,Dombivli ,"Kalu Nagar, Dombivli - MPCB",63.00
286,,Hingoli,"Ashta Vinayak Nagar, Hingoli - MPCB",236.00
287,,Jalgaon,"Prabhat Colony, Jalgaon - MPCB",107.00
288,,Jalna,"Old MIDC, Jalna - MPCB",93.00
289,,Kalyan,"Khadakpada, Kalyan - MPCB",53.00
290,,,"Pimpleshwar Mandir, Kalyan - MPCB",Insufficient data available in last 24 hours.
291,,Kolhapur,"Shivaji University, Kolhapur - MPCB",60.00
292,,,"Sinchan Bhavan, Kolhapur - MPCB",Insufficient data available in last 24 hours.
293,,Latur,"Sawe Wadi, Latur - MPCB",68.00
294,,Mahad,"Kamble Tarf Birwadi, Mahad - MPCB",79.00
295,,Malegaon,"Mahesh Nagar, Malegaon - MPCB",Insufficient data available in last 24 hours.
296,,Mira-Bhayandar,"Bhayandar West, Mira-Bhayandar - MPCB",71.00
297,,Mumbai,"Bandra Kurla Complex, Mumbai - IITM",140.00
298,,,"Bandra Kurla Complex, Mumbai - MPCB",103.00
299,,,"Bandra, Mumbai - MPCB",Insufficient data available in last 24 hours.
300,,,"Borivali East, Mumbai - IITM",130.00
301,,,"Borivali East, Mumbai - MPCB",95.00
302,,,"Byculla, Mumbai - BMC",95.00
303,,,"Chakala-Andheri East, Mumbai - IITM",131.00
304,,,"Chembur, Mumbai - MPCB",90.00
305,,,"Chhatrapati Shivaji Intl. Airport (T2), Mumbai - MPCB",90.00
306,,,"Colaba, Mumbai - MPCB",71.00
307,,,"Deonar, Mumbai - IITM",160.00
308,,,"Ghatkopar, Mumbai - BMC",119.00
309,,,"Kandivali East, Mumbai - MPCB",36.00
310,,,"Kandivali West, Mumbai - BMC",87.00
311,,,"Kherwadi_Bandra East, Mumbai - MPCB",101.00
312,,,"Khindipada-Bhandup West, Mumbai - IITM",86.00
313,,,"Kurla, Mumbai - MPCB",108.00
314,,,"Malad West, Mumbai - IITM",111.00
315,,,"Mazgaon, Mumbai - IITM",106.00
316,,,"Mindspace-Malad West, Mumbai - MPCB",Insufficient data available in last 24 hours.
317,,,"Mulund West, Mumbai - MPCB",34.00
318,,,"Navy Nagar-Colaba, Mumbai - IITM",119.00
319,,,"Powai, Mumbai - MPCB",79.00
320,,,"Sewri, Mumbai - BMC",64.00
321,,,"Shivaji Nagar, Mumbai - BMC",116.00
322,,,"Siddharth Nagar-Worli, Mumbai - IITM",96.00
323,,,"Sion, Mumbai - MPCB",Insufficient data available in last 24 hours.
324,,,"Vasai West, Mumbai - MPCB",Insufficient data available in last 24 hours.
325,,,"Vile Parle West, Mumbai - MPCB",81.00
326,,,"Worli, Mumbai -MPCB",Insufficient data available in last 24 hours.
327,,Nagpur,"Ambazari, Nagpur - MPCB",123.00
328,,,"Mahal, Nagpur - MPCB",153.00
329,,,"Opp GPO Civil Lines, Nagpur - MPCB",139.00
330,,,"Ram Nagar, Nagpur - MPCB",140.00
331,,Nanded,"Sneh Nagar, Nanded - MPCB",155.00
332,,Nashik,"Gangapur Road, Nashik - MPCB",95.00
333,,,"Hirawadi, Nashik - MPCB",72.00
334,,,"MIDC Ambad, Nashik - MPCB",93.00
335,,,"Pandav Nagari, Nashik - MPCB",87.00
336,,Navi Mumbai,"Airoli, Navi Mumbai - MPCB",Insufficient data available in last 24 hours.
337,,,"Kopripada-Vashi, Navi Mumbai - MPCB",63.00
338,,,"Mahape, Navi Mumbai - MPCB",121.00
339,,,"Nerul, Navi Mumbai - MPCB",100.00
340,,,"Sanpada, Navi Mumbai - MPCB",78.00
341,,,"Sector-19A Nerul, Navi Mumbai - IITM",Insufficient data available in last 24 hours.
342,,,"Sector-2E Kalamboli, Navi Mumbai - MPCB",72.00
343,,,"Tondare-Taloja, Navi Mumbai - MPCB",109.00
344,,Parbhani,"Masoom Colony, Parbhani - MPCB",91.00
345,,Pimpri-Chinchwad,"Alandi, Pune - IITM",Insufficient data available in last 24 hours.
346,,,"Bhosari, Pune - IITM",91.00
347,,,"Bhumkar Nagar, Pune - IITM",133.00
348,,,"Gavalinagar, Pimpri Chinchwad - MPCB",Insufficient data available in last 24 hours.
349,,,"Park Street Wakad, Pimpri Chinchwad - MPCB",119.00
350,,,"Savta Mali Nagar, Pimpri-Chinchwad - IITM",96.00
351,,,"Thergaon, Pimpri Chinchwad - MPCB",106.00
352,,,"Transport Nagar-Nigdi, Pune - IITM",75.00
353,,Pune,"Dhankawadi, Pune - IITM",91.00
354,,,"Hadapsar, Pune - IITM",100.00
355,,,"Karve Road, Pune - MPCB",Insufficient data available in last 24 hours.
356,,,"Katraj Dairy, Pune - MPCB",59.00
357,,,"MIT-Kothrud, Pune - IITM",Insufficient data available in last 24 hours.
358,,,"Mhada Colony, Pune - IITM",100.00
359,,,"Panchawati_Pashan, Pune - IITM",83.00
360,,,"Revenue Colony-Shivajinagar, Pune - IITM",82.00
361,,,"Savitribai Phule Pune University, Pune - MPCB",Insufficient data available in last 24 hours.
362,,Sangli,"Vijay Nagar, Sangli - MPCB",86.00
363,,Solapur,"Dnyaneshwar Nagar, Solapur - MPCB",Insufficient data available in last 24 hours.
364,,,"Ratandeep Housing Society, Solapur - MPCB",118.00
365,,,"Solapur, Solapur - MPCB",Insufficient data available in last 24 hours.
366,,Thane,"Kasarvadavali, Thane - MPCB",77.00
367,,,"Upvan Fort, Thane - MPCB",169.00
368,,Ulhasnagar,"Sidhi Vinayak Nagar, Ulhasnagar - MPCB",82.00
369,,,"Vithalwadi, Ulhasnagar - MPCB",97.00
370,,Virar,"Bolinj, Virar - MPCB",Insufficient data available in last 24 hours.
371,Manipur,Imphal,"DM College of Science, Imphal - Manipur PCB",Insufficient data available in last 24 hours.
372,,,"Manipur University, Imphal - Manipur PCB",Insufficient data available in last 24 hours.
373,Meghalaya ,Byrnihat ,"15th Mile-Nongthymmai, Byrnihat - Meghalaya PCB",141.00
374,,Shillong,"JN Stadium, Shillong - Meghalaya PCB",Insufficient data available in last 24 hours.
375,,,"Lumpyngngad, Shillong - Meghalaya PCB",61.00
376,Mizoram,Aizawl,"Sikulpuikawn, Aizawl - Mizoram PCB",94.00
377,Nagaland,Kohima,"PWD Junction, Kohima - NPCB",57.00
378,Odisha,Angul,"Hakimapada, Angul - OSPCB",199.00
379,,Balasore,"Kalidaspur, Balasore - OSPCB",75.00
380,,Barbil,"Forest Office, Barbil - OSPCB",188.00
381,,Baripada,"Meher Colony, Baripada - OSPCB",94.00
382,,Bhubaneswar,"Lingraj Mandir, Bhubaneswar - OSPCB",44.00
383,,,"Patia, Bhubaneswar - OSPCB",80.00
384,,Bileipada,"Tata Township, Bileipada - OSPCB",231.00
385,,Brajrajnagar,"GM Office, Brajrajnagar - OSPCB",115.00
386,,Byasanagar,"Ferro Chrome Colony, Byasanagar - OSPCB",62.00
387,,Cuttack,"CDA Area, Cuttack - OSPCB",82.00
388,,Keonjhar,"Jagamohanpur, Keonjhar - OSPCB",129.00
389,,Nayagarh,"Dabuna, Nayagarh - OSPCB",198.00
390,,Rairangpur,"Divisional Forest Office, Rairangpur - OSPCB",97.00
391,,Rourkela,"Fertilizer Township, Rourkela - OSPCB",81.00
392,,,"Raghunathpali, Rourkela - OSPCB",134.00
393,,,"Sector-2, Rourkela - OSPCB",63.00
394,,Suakati,"OMC Colony, Suakati - OSPCB",109.00
395,,Talcher,"Talcher Coalfields,Talcher - OSPCB",78.00
396,,Tensa,"Barsua Iron Ore Mines, Tensa - OSPCB",86.00
397,Puducherry,Puducherry,"Jawahar Nagar, Puducherry - PPCC",18.00
398,Punjab,Amritsar,"Golden Temple, Amritsar - PPCB",82.00
399,,Bathinda,"Hardev Nagar, Bathinda - PPCB",90.00
400,,Jalandhar,"Civil Line, Jalandhar - PPCB",70.00
401,,Khanna,"Kalal Majra, Khanna - PPCB",53.00
402,,Ludhiana,"Punjab Agricultural University, Ludhiana - PPCB",91.00
403,,Mandi Gobindgarh,"RIMT University, Mandi Gobindgarh - PPCB",140.00
404,,Patiala,"Model Town, Patiala - PPCB",81.00
405,,Rupnagar,"Ratanpura, Rupnagar - Ambuja Cements",36.00
406,Rajasthan,Ajmer,"Civil Lines,  Ajmer - RSPCB",101.00
407,,Alwar,"Moti Doongri, Alwar - RSPCB",87.00
408,,Banswara,"Rati Talai, Banswara - RSPCB",Insufficient data available in last 24 hours.
409,,Baran,"Bamboliya, Baran - RSPCB",193.00
410,,Barmer,"Railway Colony, Barmer - RSPCB",96.00
411,,Bharatpur,"Krishna Nagar, Bharatpur - RSPCB",230.00
412,,Bhilwara,"Pratap Nagar, Bhilwara - RSPCB",133.00
413,,Bhiwadi,"RIICO Ind. Area III, Bhiwadi - RSPCB",200.00
414,,,"Vasundhara Nagar_UIT, Bhiwadi - RSPCB",266.00
415,,Bikaner,"MM Ground, Bikaner - RSPCB",146.00
416,,Bundi,"New Colony, Bundi - RSPCB",113.00
417,,Chittorgarh,"Shastri Nagar, Chittorgarh - RSPCB",140.00
418,,Churu,"Subash Chowk, Churu - RSPCB",106.00
419,,Dausa,"Khatikan Mohalla, Dausa - RSPCB",96.00
420,,Dholpur,"Raja Ganj, Dholpur - RSPCB",77.00
421,,Dungarpur,"Bhoiwada, Dungarpur - RSPCB",78.00
422,,Hanumangarh,"Housing Board, Hanumangarh - RSPCB",104.00
423,,Jaipur,"Adarsh Nagar, Jaipur - RSPCB",107.00
424,,,"Mansarovar Sector-12, Jaipur - RSPCB",148.00
425,,,"Police Commissionerate, Jaipur - RSPCB",94.00
426,,,"RIICO Sitapura, Jaipur - RSPCB",171.00
427,,,"Sector-2 Murlipura, Jaipur - RSPCB",112.00
428,,,"Shastri Nagar, Jaipur - RSPCB",119.00
429,,Jaisalmer,"Sadar Bazar, Jaisalmer - RSPCB",Insufficient data available in last 24 hours.
430,,Jalore,"Mudtra Sili, Jalore - RSPCB",88.00
431,,Jhalawar,"Rajlaxmi Nagar, Jhalawar - RSPCB",114.00
432,,Jhunjhunu,"Indra Nagar, Jhunjhunu - RSPCB",126.00
433,,Jodhpur,"Collectorate, Jodhpur - RSPCB",109.00
434,,,"Digari Kalan, Jodhpur - RSPCB",181.00
435,,,"Jhalamand, Jodhpur - RSPCB",99.00
436,,,"Mandor, Jodhpur - RSPCB",91.00
437,,,"Samrat Ashok Udhyan, Jodhpur - RSPCB",125.00
438,,Karauli,"Satyawati Vihar, Karauli - RSPCB",159.00
439,,Kota,"Dhanmandi, Kota - RSPCB",119.00
440,,,"Nayapura, Kota - RSPCB",101.00
441,,,"Shrinath Puram, Kota - RSPCB",79.00
442,,Nagaur,"Karni Colony, Nagaur - RSPCB",132.00
443,,Pali,"Indira Colony Vistar, Pali - RSPCB",125.00
444,,Pratapgarh,"Pragati Nagar, Pratapgarh - RSPCB",108.00
445,,Rajsamand,"Dhoinda, Rajsamand - RSPCB",83.00
446,,Sawai Madhopur,"Sahu Nagar, Sawai Madhopur - RSPCB",203.00
447,,Sikar,"Radhakishan Pura, Sikar - RSPCB",121.00
448,,Sirohi,"Vedhaynath Colony, Sirohi - RSPCB",82.00
449,,Sri Ganganagar,"Old City, Sri Ganganagar - RSPCB",262.00
450,,Tonk,"Shastri Nagar, Tonk - RSPCB",72.00
451,,Udaipur,"Ashok Nagar, Udaipur - RSPCB",108.00
452,Sikkim,Gangtok,"Zero Point GICI, Gangtok - SSPCB",60.00
453,Tamil Nadu,Ariyalur,"Keelapalur, Ariyalur - TNPCB",Insufficient data available in last 24 hours.
454,,Chengalpattu,"Crescent University, Chengalpattu - TNPCB",Insufficient data available in last 24 hours.
455,,Chennai,"Alandur Bus Depot, Chennai - CPCB",Insufficient data available in last 24 hours.
456,,,"Arumbakkam, Chennai - TNPCB",42.00
457,,,"Gandhi Nagar_Ennore, Chennai - TNPCB",Insufficient data available in last 24 hours.
458,,,"Kodungaiyur, Chennai - TNPCB",30.00
459,,,"Manali Village, Chennai - TNPCB",42.00
460,,,"Manali, Chennai - CPCB",44.00
461,,,"Perungudi, Chennai - TNPCB",36.00
462,,,"Royapuram, Chennai - TNPCB",37.00
463,,,"Velachery Res. Area, Chennai - CPCB",45.00
464,,Coimbatore,"PSG College of Arts and Science, Coimbatore - TNPCB",Insufficient data available in last 24 hours.
465,,,"SIDCO Kurichi, Coimbatore - TNPCB",66.00
466,,Cuddalore,"Kudikadu, Cuddalore - TNPCB",Insufficient data available in last 24 hours.
467,,,"Semmandalam, Cuddalore - TNPCB",Insufficient data available in last 24 hours.
468,,Dindigul,"Mendonsa Colony, Dindigul - TNPCB",Insufficient data available in last 24 hours.
469,,Gummidipoondi,"Anthoni Pillai Nagar, Gummidipoondi - TNPCB",119.00
470,,Hosur,"SIPCOT Phase-1, Hosur - TNPCB",Insufficient data available in last 24 hours.
471,,Kanchipuram,"Kilambi, Kanchipuram - TNPCB",Insufficient data available in last 24 hours.
472,,Karur,"Kamadenu Nagar, Karur - TNPCB",Insufficient data available in last 24 hours.
473,,Madurai,"Uchapatti, Madurai - TNPCB",Insufficient data available in last 24 hours.
474,,Nagapattinam,"Velippalayam, Nagapattinam - TNPCB",Insufficient data available in last 24 hours.
475,,Namakkal,"Ponnusamy Nagar, Namakkal - TNPCB",Insufficient data available in last 24 hours.
476,,Ooty,"Bombay Castel, Ooty - TNPCB",72.00
477,,Palkalaiperur,"Bharathidasan University, Palkalaiperur - TNPCB",Insufficient data available in last 24 hours.
478,,Perundurai,"SIPCOT Industrial Park, Perundurai - TNPCB",Insufficient data available in last 24 hours.
479,,Pudukottai,"SIPCOT Nathampannai, Pudukottai - TNPCB",Insufficient data available in last 24 hours.
480,,Ramanathapuram,"Chalai Bazaar, Ramanathapuram - TNPCB",Insufficient data available in last 24 hours.
481,,Ranipet,"VOC Nagar_SIPCOT, Ranipet - TNPCB",Insufficient data available in last 24 hours.
482,,Salem,"Sona College of Technology, Salem - TNPCB",Insufficient data available in last 24 hours.
483,,Thanjavur,"Parisutham Nagar, Thanjavur - TNPCB",Insufficient data available in last 24 hours.
484,,Thoothukudi,"Meelavittan, Thoothukudi - TNPCB",82.00
485,,Tiruchirappalli,"St Joseph College, Tiruchirappalli - TNPCB",Insufficient data available in last 24 hours.
486,,Tirunelveli,"Municipal Corporation Office, Tirunelveli - TNPCB",Insufficient data available in last 24 hours.
487,,Tirupur,"Kumaran College, Tirupur - TNPCB",110.00
488,,Vellore,"Vasanthapuram, Vellore - TNPCB",Insufficient data available in last 24 hours.
489,,Virudhunagar,"Collectorate Office, Virudhunagar - TNPCB",Insufficient data available in last 24 hours.
490,Telangana,Hyderabad,"Bollaram Industrial Area, Hyderabad - TSPCB",Insufficient data available in last 24 hours.
491,,,"Central University, Hyderabad - TSPCB",29.00
492,,,"ECIL Kapra, Hyderabad - TSPCB",80.00
493,,,"ICRISAT Patancheru, Hyderabad - TSPCB",Insufficient data available in last 24 hours.
494,,,"IDA Pashamylaram, Hyderabad - TSPCB",74.00
495,,,"IITH Kandi, Hyderabad - TSPCB",Insufficient data available in last 24 hours.
496,,,"Kokapet, Hyderabad - TSPCB",87.00
497,,,"Kompally Municipal Office, Hyderabad - TSPCB",88.00
498,,,"Nacharam_TSIIC IALA, Hyderabad - TSPCB",94.00
499,,,"New Malakpet, Hyderabad - TSPCB",94.00
500,,,"Ramachandrapuram, Hyderabad - TSPCB",79.00
501,,,"Sanathnagar, Hyderabad - TSPCB",54.00
502,,,"Somajiguda, Hyderabad - TSPCB",85.00
503,,,"Zoo Park, Hyderabad - TSPCB",101.00
504,Tripura,Agartala,"Bardowali, Agartala - Tripura SPCB",101.00
505,,,"Kunjaban, Agartala - Tripura SPCB",Insufficient data available in last 24 hours.
506,Uttar Pradesh,Agra,"Manoharpur, Agra - UPPCB",141.00
507,,,"Rohta, Agra - UPPCB",133.00
508,,,"Sanjay Palace, Agra - UPPCB",187.00
509,,,"Sector-3B Avas Vikas Colony, Agra - UPPCB",140.00
510,,,"Shahjahan Garden, Agra - UPPCB",127.00
511,,,"Shastripuram, Agra - UPPCB",110.00
512,,Baghpat,"New Collectorate, Baghpat - UPPCB",Insufficient data available in last 24 hours.
513,,,"Sardar Patel Inter College, Baghpat - UPPCB",227.00
514,,Bareilly,"Civil Lines, Bareilly - UPPCB",52.00
515,,,"Rajendra Nagar, Bareilly - UPPCB",83.00
516,,Bulandshahr,"Yamunapuram, Bulandshahr - UPPCB",202.00
517,,Firozabad,"Nagla Bhau, Firozabad - UPPCB",82.00
518,,,"Vibhab Nagar, Firozabad - UPPCB",111.00
519,,Ghaziabad,"Indirapuram, Ghaziabad - UPPCB",164.00
520,,,"Loni, Ghaziabad - UPPCB",281.00
521,,,"Sanjay Nagar, Ghaziabad - UPPCB",188.00
522,,,"Vasundhara, Ghaziabad - UPPCB",186.00
523,,,"Ved Vihar-Loni, Ghaziabad - UPPCB",261.00
524,,Gorakhpur,"Madan Mohan Malaviya University of Technology, Gorakhpur - UPPCB",86.00
525,,Greater Noida,"Knowledge Park - III, Greater Noida - UPPCB",170.00
526,,,"Knowledge Park - V, Greater Noida - UPPCB",238.00
527,,Hapur,"Anand Vihar, Hapur - UPPCB",184.00
528,,Jhansi,"Shivaji Nagar, Jhansi - UPPCB",66.00
529,,Kanpur,"FTI Kidwai Nagar, Kanpur - UPPCB",86.00
530,,,"IITK, Kanpur - IITK",Insufficient data available in last 24 hours.
531,,,"NSI Kalyanpur, Kanpur - UPPCB",103.00
532,,,"Nehru Nagar, Kanpur - UPPCB",118.00
533,,Khora,"Prashant Garden, Khora - UPPCB",255.00
534,,Khurja,"Kalindi Kunj, Khurja - UPPCB",124.00
535,,Lucknow,"B R Ambedkar University, Lucknow - UPPCB",126.00
536,,,"Gomti Nagar, Lucknow - UPPCB",88.00
537,,,"Kendriya Vidyalaya, Lucknow - CPCB",151.00
538,,,"Kukrail Picnic Spot-1, Lucknow - UPPCB",120.00
539,,,"Lalbagh, Lucknow - CPCB",133.00
540,,,"Talkatora District Industries Center, Lucknow - CPCB",180.00
541,,Meerut,"Ganga Nagar, Meerut - UPPCB",143.00
542,,,"Jai Bhim Nagar, Meerut - UPPCB",151.00
543,,,"Pallavpuram Phase 2, Meerut - UPPCB",91.00
544,,Modinagar ,"SRM University, Modinagar - UPPCB",234.00
545,,Moradabad,"Buddhi Vihar, Moradabad - UPPCB",73.00
546,,,"Eco Herbal Park, Moradabad - UPPCB",98.00
547,,,"Employment Office, Moradabad - UPPCB",106.00
548,,,"Jigar Colony, Moradabad - UPPCB",98.00
549,,,"Kashiram Nagar, Moradabad - UPPCB",94.00
550,,,"Lajpat Nagar, Moradabad - UPPCB",Insufficient data available in last 24 hours.
551,,,"Transport Nagar, Moradabad - UPPCB",86.00
552,,Muzaffarnagar,"New Mandi, Muzaffarnagar - UPPCB",116.00
553,,Noida,"Sector - 125, Noida - UPPCB",170.00
554,,,"Sector - 62, Noida - IMD",140.00
555,,,"Sector-1, Noida - UPPCB",170.00
556,,,"Sector-116, Noida - UPPCB",145.00
557,,Prayagraj,"Jhunsi, Prayagraj - UPPCB",90.00
558,,,"Motilal Nehru NIT, Prayagraj - UPPCB",80.00
559,,,"Nagar Nigam, Prayagraj - UPPCB",64.00
560,,Raebareli," Indira Nagar, Raebareli - NTPC Unchahar",Insufficient data available in last 24 hours.
561,,Varanasi,"Ardhali Bazar, Varanasi - UPPCB",105.00
562,,,"Bhelupur, Varanasi - UPPCB",102.00
563,,,"IESD Banaras Hindu University, Varanasi - UPPCB",86.00
564,,,"Maldahiya, Varanasi - UPPCB",108.00
565,,Vrindavan,"Omex Eternity, Vrindavan - UPPCB",104.00
566,Uttarakhand,Dehradun,"Doon University, Dehradun - UKPCB",Insufficient data available in last 24 hours.
567,,Kashipur,"Govt. Girls Inter College, Kashipur - UKPCB",Insufficient data available in last 24 hours.
568,,Rishikesh,"Shivaji Nagar, Rishikesh - UKPCB",37.00
569,West Bengal,Asansol,"Asansol Court Area, Asansol - WBPCB",112.00
570,,,"Evelyn Lodge, Asansol - WBPCB",107.00
571,,,"Mahabir Colliery, Asansol - WBPCB",102.00
572,,,"Trivenidevi Bhalotia College, Asansol - WBPCB",109.00
573,,Barrackpore,"SVSPA Campus, Barrackpore - WBPCB",58.00
574,,Durgapur,"Mahishkapur Road_B-Zone, Durgapur - WBPCB",94.00
575,,,"PCBL Residential Complex, Durgapur - WBPCB",90.00
576,,,"Womens College_City Center, Durgapur - WBPCB",102.00
577,,Haldia,"Priyambada Housing Estate, Haldia - WBPCB",59.00
578,,Howrah,"Belur Math, Howrah - WBPCB",73.00
579,,,"Botanical Garden, Howrah - WBPCB",57.00
580,,,"Dasnagar, Howrah - WBPCB",57.00
581,,,"Ghusuri, Howrah - WBPCB",84.00
582,,,"Padmapukur, Howrah - WBPCB",32.00
583,,Kolkata,"Ballygunge, Kolkata - WBPCB",49.00
584,,,"Bidhannagar, Kolkata - WBPCB",73.00
585,,,"Fort William, Kolkata - WBPCB",35.00
586,,,"Jadavpur, Kolkata - WBPCB",53.00
587,,,"Rabindra Bharati University, Kolkata - WBPCB",65.00
588,,,"Rabindra Sarobar, Kolkata - WBPCB",43.00
589,,,"Victoria, Kolkata - WBPCB",56.00
590,,Siliguri,"Ward-32 Bapupara, Siliguri - WBPCB",82.00
